{
    "states": [
      {
        "name":"Andhra Pradesh",
        "districts": [
          {
            "name":"Anantapur",
            "phcs":[]
          },
          {
            "name":"Chittor",
            "phcs":[]
          },
          {
            "name":"EastGodavari",
            "phcs":[]
          },
          {
            "name":"Guntur",
            "phcs":[]
          },
          {
            "name":"Krishna",
            "phcs":[]
          },
          {
            "name":"Kurnool",
            "phcs":[]
          },
          {
            "name":"Prakasam",
            "phcs":[]
          },
          {
            "name":"Srikakulam",
            "phcs":[]
          },
          {
            "name":"Sri Potti Sriramulu",
            "phcs":[]
          },
          {
            "name":"Nellore",
            "phcs":[]
          },
          {
            "name":"Vishakapatnam",
            "phcs":[]
          },
          {
            "name":"Vizianagaram",
            "phcs":[]
          },
          {
            "name":"West Godavari",
            "phcs":[]
          },
          {
            "name":"YSR District",
            "phcs":[]
          },
          {
            "name":"Kadapa",
            "phcs":[]
          }
      ]
    },
      {
      "name":"Karnataka",
      "districts": [
        {
          "name":"Bagalkot",
          "phcs":[]
        },
        {
          "name":"Ballari",
          "phcs":[]
        },
        {
          "name":"Belagavi",
          "phcs":[]
        },
        {
          "name":"Bengaluru Rural",
          "phcs":[]
        },
        {
          "name":"Bengaluru Urban",
          "phcs":[]
        },
        {
          "name":"Bidar",
          "phcs":[]
        },
        {
          "name":"Chamarajanagar",
          "phcs":[]
        },
        {
          "name":"Chikballapur",
          "phcs":[]
        },
        {
          "name":"Chikkamagaluru",
          "phcs":[]
        },
        {
          "name":"Chitradurga",
          "phcs":[]
        },
        {
          "name":"Dakshina Kannada",
          "phcs":[]
        },
        {
          "name":"Davangere",
          "phcs":[]
        },
        {
          "name":"Dharwad",
          "phcs":[]
        },
        {
          "name":"Gadag",
          "phcs":[]
        },
        {
          "name":"Hassan",
          "phcs":[]
        },
        {
          "name":"Haveri",
          "phcs":[]
        },
        {
          "name":"Gulbarga",
          "phcs":[]
        },
        {
          "name":"Kodagu",
          "phcs":[]
        },
        {
          "name":"Kolar",
          "phcs":[]
        },
        {
          "name":"Koppal",
          "phcs":[]
        },
        {
          "name":"Mandya",
          "phcs":[]
        },
        {
          "name":"Mysore",
          "phcs":[]
        },
        {
          "name":"Raichur",
          "phcs":[]
        },
        {
          "name":"Ramanagara",
          "phcs":[]
        },
        {
          "name":"Shivamogga",
          "phcs":[]
        },
        {
          "name":"Tumakuru",
          "phcs":[]
        },
        {
          "name":"Udupi",
          "phcs":[]
        },
        {
          "name":"Uttara Kannada",
          "phcs":[]
        },
        {
          "name":"Bijapur",
          "phcs":[]
        },
        {
          "name":"Yadgir",
          "phcs":[]
        }
      ]
    },
      {
        "name":"Kerala",
        "districts":[
          {
            "name":"Thiruvananthapuram",
            "phcs":[]
          },
          {
            "name":"Kollam",
            "phcs":[]
          },
          {
            "name":"Alappuzha",
            "phcs":[]
          },
          {
            "name":"Pathanamthitta",
            "phcs":[]
          },
          {
            "name":"Kottayam",
            "phcs":[]
          },
          {
            "name":"Idukki",
            "phcs":[]
          },
          {
            "name":"Ernakulam",
            "phcs":[]
          },
          {
            "name":"Thrissur",
            "phcs":[]
          },
          {
            "name":"Palakkad",
            "phcs":[]
          },
          {
            "name":"Malappuram",
            "phcs":[]
          },
          {
            "name":"Kozhikode",
            "phcs":[]
          },
          {
            "name":"Wayanad",
            "phcs":[]
          },
          {
            "name":"Kannur",
            "phcs":[]
          },
          {
            "name":"Kasaragod",
            "phcs":[]
          }
        ]
      },
      {
        "name":"Tamil Nadu",
        "districts":[
          {
            "name":"Ariyalur",
            "phcs":[]
          },
          {
            "name":"Chengalpattu",
            "phcs":[]
          },
          {
            "name":"Chennai",
            "phcs":[]
          },
          {
            "name":"Coimbatore",
            "phcs":[]
          },
          {
            "name":"Cuddalore",
            "phcs":[]
          },
          {
            "name":"Dharmapuri",
            "phcs":[]
          },
          {
            "name":"Dindigul",
            "phcs":[]
          },
          {
            "name":"Erode",
            "phcs":[]
          },
          {
            "name":"Kallakurichi",
            "phcs":[]
          },
          {
            "name":"Kanchipuram",
            "phcs":[]
          },
          {
            "name":"Kanyakumari",
            "phcs":[]
          },
          {
            "name":"Karur",
            "phcs":[]
          },
          {
            "name":"Krishnagiri",
            "phcs":[]
          },
          {
            "name":"Madurai",
            "phcs":[]
          },
          {
            "name":"Nagapattinam",
            "phcs":[]
          },
          {
            "name":"Namakkal",
            "phcs":[]
          },
          {
            "name":"Nilgiris",
            "phcs":[]
          },
          {
            "name":"Perambalur",
            "phcs":[]
          },
          {
            "name":"Pudukkottai",
            "phcs":[]
          },
          {
            "name":"Ramanathapuram",
            "phcs":[]
          },
          {
            "name":"Ranipet",
            "phcs":[]
          },
          {
            "name":"Salem",
            "phcs":[]
          },
          {
            "name":"Sivaganga",
            "phcs":[]
          },
          {
            "name":"Tenkasi",
            "phcs":[]
          },
          {
            "name":"Thanjavur",
            "phcs":[]
          },
          {
            "name":"Theni",
            "phcs":[]
          },
          {
            "name":"Thoothukudi",
            "phcs":[]
          },
          {
            "name":"Tiruchirappalli",
            "phcs":[]
          },
          {
            "name":"Tirunelveli",
            "phcs":[]
          },
          {
            "name":"Tirupathur",
            "phcs":[]
          },
          {
            "name":"Tiruppur",
            "phcs":[]
          },
          {
            "name":"Tiruvallur",
            "phcs":[]
          },
          {
            "name":"Tiruvannamalai",
            "phcs":[]
          },
          {
            "name":"Tiruvarur",
            "phcs":[]
          },
          {
            "name":"Vellore",
            "phcs":[]
          },
          {
            "name":"Viluppuram",
            "phcs":[]
          },
          {
            "name":"Virudhunagar",
            "phcs":[]
          }
        ]
      },
      {
        "name":"Telangana",
        "districts":[
          {
            "name":"Adilabad",
            "phcs":[]
          },
          {
            "name": "Bhadradri Kothagudem",
            "phcs":[]
          },
          {
            "name":  "Hyderabad",
            "phcs":[]
          },
          {
            "name":  "Jagtial",
            "phcs":[]
          },
          {
            "name":  "Jangaon",
            "phcs":[]
          },
          {
            "name":  "Jayashankar Bhupalapally",
            "phcs":[]
          },
          {
            "name":  "Jogulamba Gadwal",
            "phcs":[]
          },
          {
            "name":  "Kamareddy",
            "phcs":[]
          },
          {
            "name":  "Karimnagar",
            "phcs":[]
          },
          {
            "name":  "Khammam",
            "phcs":["SR&BGNR PG College"]
          },
          {
            "name":  "Kumarambheem Asifabad",
            "phcs":[]
          },
          {
            "name":  "Mahabubabad",
            "phcs":[]
          },
          {
            "name":  "Mahabubnagar",
            "phcs":[]
          },
          {
            "name":  "Mancherial",
            "phcs":[]
          },
          {
            "name":  "Medak",
            "phcs":[]
          },
          {
            "name":  "Medchal–Malkajgiri",
            "phcs":[]
          },
          {
            "name":  "Nagarkurnool",
            "phcs":[]
          },
          {
            "name":  "Nalgonda",
            "phcs":[]
          },
          {
            "name":  "Nirmal",
            "phcs":[]
          },
          {
            "name":  "Nizamabad",
            "phcs":[]
          },
          {
            "name":  "Peddapalli",
            "phcs":[]
          },
          {
            "name":  "Rajanna Sircilla",
            "phcs":[]
          },
          {
            "name":  "Ranga Reddy",
            "phcs":[]
          },
          {
            "name":  "Sangareddy",
            "phcs":[]
          },
          {
            "name":  "Siddipet",
          "phcs":[]
          },
          {
          "name":  "Suryapet",
          "phcs":[]
          },
          {
          "name":  "Vikarabad",
          "phcs":[]
          },
          {
          "name":  "Wanaparthy",
          "phcs":[]
          },
          {
          "name":  "Warangal Rural",
          "phcs":[]
          },
          {
          "name":  "Warangal Urban",
          "phcs":[]
          },
          {
            "name":  "Yadadri Bhuvanagiri",
            "phcs":[]
          }
        ]
      },
      {
        "name":"Puducherry",
        "districts":[
          {
            "name":"Puducherry",
            "phcs":[]
          },
          {
            "name":"Karaikal",
            "phcs":[]
          },
          {
            "name":"Mahé",
            "phcs":[]
          },
          {
            "name":"Yanam",
            "phcs":[]
          }
        ]
      }
    ]
}
